ISRCTN,Title,Protocol/serial number,Ethics approval,Country of recruitment,Study stopped,Publication plan,Individual participant data sharing summary,Basic results,Peer-reviewed publications,Funder,Sponsor,Sponsor Country,Sponsor UK nation,GRID id,FundRef id,Intention to publish date,Overall trial start,Overall trial end,Recruitment start,Recruitment end,Record last updated,Registered with ISRCTN,Overall trial status,Recruitment status,Prospective/retrospective,EudraCT/CTIS number,IRAS number,ClinicalTrials.gov number,Primary study design,Condition,Condition category,Reason abandoned,Funding body type,Sponsor body type,Secondary study design,Study setting(s),Trial type,Intervention type,Drug/device/biological/vaccine name(s),Phase,Participant type,Age group,Sex,Target number of participants,Total final enrolment,Results first made available,Abstract,Basic results,Book,Dataset,Funder report,HRA research summary,Interim results article,Other files,Other publications,Other unpublished results,PIS,Plain English results,Poster,PPIE document,Preprint,Preprint (other),Protocol article,Protocol file,Protocol (other),Protocol (preprint),Results article,SAP,Thesis,Tissue/sample set,Trial website
ISRCTN14233189,The REST feasibility trial: sleep and pain in patients undergoing total knee replacement,"CPMS 47883, IRAS 289761","Approved 27/12/2020, South West Cornwall & Plymouth Research Ethics Committee (Level 3, Block B, Whitefriars, Lewins Mead, Bristol, BS1 2NT, UK; +44 (0)207 104 8033; cornwallandplymouth.rec@hra.nhs.uk), ref: 20/SW/0189",United Kingdom; England,,Planned publication in a high-impact peer-reviewed journal.,Stored in non-publicly available repository,,,NIHR Central Commissioning Facility (CCF); Grant Codes: NIHR201036; National Institute for Health Research (NIHR) (UK),North Bristol NHS Trust,United Kingdom,England,grid.418484.5,http://dx.doi.org/10.13039/501100000272,2023-08-01,2020-11-01,2022-08-31,2021-03-25,2021-12-31,2022-08-24,25/03/2021,Completed,No longer recruiting,Prospectively registered,Nil known,289761,Nil Known,Interventional randomized controlled trial,Sleep quality in patients scheduled to undergo total knee replacement surgery,Surgery,,government organisation,Hospital/treatment centre,Randomised controlled trial,Home,Prevention,Behavioural,,,Patient,Adult,Both,80,57,,,,,,,,,,,,,,,,,,,,,,,,,,
ISRCTN78697391,Turning the curse into a blessing: using mindfulness to reduce suspiciousness and paranoia in individuals with personality characteristics and experiences related to psychosis,RE11806,"Approved 20/03/2018, Psychiatry, Nursing and Midwifery Research Ethics Subcommittees (PNM RESC, King’s College London, Room 4.16/ 4.16A Waterloo Bridge Wing, Franklin Wilkins Building, Waterloo Road, London, SE1 9NH; 020 7848 4077; pnm@kcl.ac.uk), ref: LRS-17/18-5604.",United Kingdom; England,,The researchers plan to submit the study report for peer-reviewed publication at an appropriate academic journal.,Data sharing statement to be made available at a later date,,,Mental Health Research UK; Mind and Life Europe,"Institute of Psychiatry, Psychology and Neuroscience",United Kingdom,England,grid.13097.3c,http://dx.doi.org/10.13039/100009981,2022-02-28,2017-10-01,2020-10-16,2019-05-13,2020-09-01,2021-12-13,29/05/2019,Completed,No longer recruiting,Retrospectively registered,Nil known,,Nil known,Interventional experimental randomised controlled trial,High positive schizotypy and suspiciousness/paranoia in the general population.,Mental and Behavioural Disorders,,private sector organisation,University/education,Randomised controlled trial,Home,Treatment,Behavioural,,,Healthy volunteer,Adult,Both,40,33,,,,,,,,,,,,,,,,,,,,,,,,,,
ISRCTN34618894,Can a mindfulness app enhance well-being?,HS001,"London Metropolitan University Ethics Committee, 14/04/2016, 13050652",England; United Kingdom; United States of America,,The researchers plan to submit the study for peer-reviewed publication at an appropriate academic journal.,Available on request,,2018 Results article in https://www.ncbi.nlm.nih.gov/pubmed/30596696 results,"This study formed part of a Master's dissertation, and therefore received no funding",London Metropolitan University,United Kingdom,England,grid.23231.31,,2018-08-15,2016-02-01,2016-08-01,2016-04-18,2016-05-02,2019-01-04,14/08/2018,Completed,No longer recruiting,Retrospectively registered,,,,Interventional online pilot randomised controlled trial,"Psychosocial health (perceived stress, satisfaction with life, resilience) in healthy adults",Mental and Behavioural Disorders,,,University/education,Randomised controlled trial,Internet/virtual,Quality of life,Other,,,Healthy volunteer,Adult,Both,100,,2018-12-31,,,,,,,,,,,,,,,,,,,,,results (https://www.ncbi.nlm.nih.gov/pubmed/30596696),,,,
ISRCTN15745838,Food related computerised attention training for obesity,IRAS 241656,"Approved 13/11/2018, London- City & East Research Ethics Committee (Bristol Research Ethics Committee Centre, Whitefriars, Level 3, Block B, Lewins Mead, Bristol, BS1 2NT; +44(0)2071048033; nrescommittee.london-cityandeast@nhs.net), ref: 18/LO/1683.",England; United Kingdom,,Study protocol in intended to be published in a high-impact peer reviewed journal (manuscript in progress). Planned publication of the study results in a high-impact peer reviewed journal. The intended date of publication is 01/05/2021.,Available on request,,2020 Protocol article in https://www.ncbi.nlm.nih.gov/pubmed/31924255 protocol (added 13/01/2020),Consejo Nacional de Ciencia y Tecnología,King's College London,United Kingdom,England,grid.13097.3c,http://dx.doi.org/10.13039/501100003141,2021-05-01,2017-06-01,2020-05-01,2018-10-01,2020-02-01,2020-12-08,22/05/2018,Completed,No longer recruiting,Prospectively registered,2014-00185-40,241656,Nil known,Single-centred randomised controlled trial,Overweight/obesity,"Nutritional, Metabolic, Endocrine",,government organisation,University/education,Randomised controlled trial,Other,Treatment,Behavioural,,,Patient,Adult,Both,45,45,,,,,,,,,,,,,,,,,,protocol (https://www.ncbi.nlm.nih.gov/pubmed/31924255),,,,,,,,
ISRCTN13895659,Headspace as a guided self-help mindfulness course for depression,35113,"London - Surrey Borders Research Ethics Committee, 06/07/2017, ref: 17/LO/1032",England; United Kingdom,,"Findings will be written up for submission for open-access publication in academic journals, including: 1. The trial protocol 2. A paper reporting on main findings in relation to the feasibility questions (recruitment, retention and acceptability) Findings will be disseminated to participants and service user organisations. Findings will be presented at service user events and at local, national and international conferences.",Available on request,,,Headspace Meditation Limited,Sussex Partnership NHS Foundation Trust,United Kingdom,England,grid.451317.5,,2019-06-30,2017-09-01,2018-08-31,2017-09-11,2018-06-30,2017-09-01,01/09/2017,Completed,No longer recruiting,Prospectively registered,,,,"Non-randomised; Interventional; Design type: Treatment, Education or Self-Management, Psychological & Behavioural","Specialty: Mental Health, Primary sub-specialty: Depression; UKCRC code/ Disease: Mental Health/ Mood [affective] disorders",Mental and Behavioural Disorders,,,Hospital/treatment centre,Randomised controlled trial,Home,Treatment,Other,,,Patient,Adult,Both,50,,,,,,,,,,,,,,,,,,,,,,,,,,,
ISRCTN52212323,Mobile mindfulness for asthma,34048,"South Central- Hampshire B Research Ethics Committee, 17/03/2017, ref: 17/SC/0088",United Kingdom; England,,"1. Plans to present and disseminate study results at conferences (such as the Society for Academic Primary Care ( SW SAPC) 2018 & European Respiratory Society International Congress 2018) 2. Planned publication in a high-impact peer reviewed journal potentially in 2019 (for example, the European Respiratory Journal)",Available on request,,2018 Abstract results in https://doi.org/10.1183/13993003.congress-2018.OA285 results presented at the European Resopiratory Society (ERS) International Congress (added 26/03/2019) 2021 Results article in https://pubmed.ncbi.nlm.nih.gov/34448986/ (added 31/08/2021),National Institute for Health Research,University of Southampton,United Kingdom,England,grid.5491.9,http://dx.doi.org/10.13039/501100000272,2019-05-01,2017-04-01,2018-05-31,2017-06-01,2017-10-31,2022-08-11,05/04/2017,Completed,No longer recruiting,Prospectively registered,,,,"Randomised; Interventional; Design type: Treatment, Education or Self-Management, Psychological & Behavioural","Specialty: Primary Care, Primary sub-specialty: Respiratory disorders; UKCRC code/ Disease: Respiratory/ Chronic lower respiratory diseases",Respiratory,,government organisation,University/education,Randomised controlled trial,Hospital,Treatment,Other,,,Patient,Adult,Both,120,158,2018-11-09,results presented at the European Resopiratory Society (ERS) International Congress (https://doi.org/10.1183/13993003.congress-2018.OA285),,,,,,,,,,,,,,,,,33472 Protocol MOMA v1.5 05June2017.pdf (https://www.isrctn.com/editorial/retrieveFile/43c1e913-ac88-4339-9c4d-162c2aa16920/33472),,,https://pubmed.ncbi.nlm.nih.gov/34448986/,,,,
ISRCTN15424185,Investigation of wellbeing interventions in NHS staff,32617,"1. University of Sussex, Sciences & Technology C-REC, 15/10/2016, ref: ER/HT207/8 2. Health Research Authority (HRA), 23/01/ 2017, ref: 16/HRA/ 5525",United Kingdom; England,,Planned publication in a high impact journal,Data sharing statement to be made available at a later date,,2022 Results article in https://pubmed.ncbi.nlm.nih.gov/36006668/ (added 26/08/2022),Economic and Social Research Council; Headspace Meditation Limited,University of Sussex,United Kingdom,England,grid.12082.39,http://dx.doi.org/10.13039/501100000269,2020-03-01,2015-10-01,2019-04-01,2017-02-20,2018-10-01,2022-08-26,17/02/2017,Completed,No longer recruiting,Prospectively registered,,,,"Randomised; Interventional; Design type: Treatment, Prevention, Education or Self-Management, Psychological & Behavioural","Specialty: Mental Health, Primary sub-specialty: Anxiety - stress; UKCRC code/ Disease: Mental Health/ Neurotic, stress-related and somatoform disorders",Mental and Behavioural Disorders,,government organisation,University/education,Randomised controlled trial,Hospital,Treatment,Other,,,Patient,Adult,Both,2108,,2022-08-25,,,,,,,,,,,,,,,,,,,,,https://pubmed.ncbi.nlm.nih.gov/36006668/,,,,
ISRCTN10925965,Mindfulness meditation for chronic pelvic pain management,20814,"London - Camden and Kings Cross Research Ethics Committee, 01/02/2016, ref: 15/LO/1967",England; United Kingdom,,Planned publication in a high-impact peer reviewed journal.,Not expected to be made available,,2018 Protocol article in https://www.ncbi.nlm.nih.gov/pubmed/29335232 protocol 2020 Results article in https://www.ncbi.nlm.nih.gov/pubmed/32165549 results (added 16/03/2020) 2020 Results article in https://www.ncbi.nlm.nih.gov/pubmed/32165550 user experience results (added 16/03/2020),National Institute for Health Research,Barts Health NHS Trust,United Kingdom,England,grid.139534.9,http://dx.doi.org/10.13039/501100000272,2019-10-31,2015-11-01,2017-08-31,2016-05-13,2016-09-20,2020-03-16,28/06/2016,Completed,No longer recruiting,Retrospectively registered,,,NCT02721108,"Randomised; Interventional; Design type: Treatment, Psychological & Behavioural","Specialty: Reproductive health and childbirth, Primary sub-specialty: General gynaecology; UKCRC code/ Disease: Other/ Symptoms and signs involving the digestive system and abdomen",Signs and Symptoms,,government organisation,Hospital/treatment centre,Randomised controlled trial,Hospital,Treatment,Other,,,Patient,Adult,Female,90,90,2020-03-12,,,,,,,,,,,,,,,,,protocol (https://www.ncbi.nlm.nih.gov/pubmed/29335232),,,,results (https://www.ncbi.nlm.nih.gov/pubmed/32165549); user experience results (https://www.ncbi.nlm.nih.gov/pubmed/32165550),,,,
ISRCTN16588423,Does mindfulness facilitate critical thinking?,AEARCTR-0000756,"NUI Galway Research Ethics Committee, 11/09/2015, IRB Approval Number: 15/ Sept/03",Ireland,,We submitted a protocol paper in December 2015. The results of this study will be reported in the form of a journal article which will be submitted upon its completion in May 2015. Blogs and social media will also be employed by the authors to share the results of this study.,Available on request,,2016 Protocol article in http://www.ncbi.nlm.nih.gov/pubmed/27072947 protocol 2018 Results article in https://www.ncbi.nlm.nih.gov/pubmed/29622047 results,"National University of Ireland, Galway","National University of Ireland, Galway",Ireland,,grid.6142.1,http://dx.doi.org/10.13039/501100001634,,2015-10-16,2016-03-11,2015-11-20,2016-01-25,2018-04-09,07/01/2016,Completed,No longer recruiting,Retrospectively registered,,,,Randomised controlled trial,Critical thinking,Not Applicable,,private sector organisation,University/education,Randomised controlled trial,Home,Other,Behavioural,,,Healthy volunteer,Adult,Both,80,,2018-04-05,,,,,,,,,,,,,,,,,protocol (http://www.ncbi.nlm.nih.gov/pubmed/27072947),,,,results (https://www.ncbi.nlm.nih.gov/pubmed/29622047),,,,
